Locus,RSID
OR13G1,rs1151640
PALLADIN,rs12510359
ROS1,rs619203
TAS2R50,rs1376251
ABCA1,rs2515606
ABCA1,rs2482430
ABCA1,rs2482432
ABCA1,rs363717
ABCA1,rs1331924
ABCA1,rs2066881
ABCA1,rs2274871
ABCA1,rs2740484
ABCA1,rs2297405
ABCA1,rs2297406
ABCA1,rs2020927
ABCA1,rs2297408
ABCA1,rs2740481
ABCA1,rs2230808
ABCA1,rs2740479
ABCA1,rs2297404
ABCA1,rs1999431
ABCA1,rs1883023
ABCA1,rs2066716
ABCA1,rs2777802
ABCA1,rs2740476
ABCA1,rs2297409
ABCA1,rs3780540
ABCA1,rs2234885
ABCA1,rs2297401
ABCA1,rs3818688
ABCA1,rs4149316
ABCA1,rs2254884
ABCA1,rs3780542
ABCA1,rs4149313
ABCA1,rs3780543
ABCA1,rs2066717
ABCA1,rs2515629
ABCA1,rs2065412
ABCA1,rs2297398
ABCA1,rs2297400
ABCA1,rs2274873
ABCA1,rs2472448
ABCA1,rs2487054
ABCA1,rs4149291
ABCA1,rs4149290
ABCA1,rs1175293
ABCA1,rs2487037
ABCA1,rs2253304
ABCA1,rs2253182
ABCA1,rs2253172
ABCA1,rs2230806
ABCA1,rs2230805
ABCA1,rs2249891
ABCA1,rs4149281
ABCA1,rs4743764
ABCA1,rs1929842
ABCA1,rs1929841
ABCA1,rs2000069
ABCA1,rs12346461
ABCA1,rs1999429
ABCA1,rs4149272
ABCA1,rs3858075
ABCA1,rs2275542
ABCA1,rs2417565
ABCA1,rs3847302
ABCA1,rs2275544
ABCA1,rs2275545
ABCA1,rs2740494
ABCA1,rs3847305
ABCA1,rs7848844
ABCA1,rs2740492
ABCA1,rs2575875
ABCA1,rs3758294
ABCA1,rs2740487
ABCA1,rs2777793
ABCA1,rs2575876
ABCA1,rs2740486
ABCA1,rs2575879
ABCA1,rs10820743
ABCA1,rs10521071
ABCA1,rs2437818
ABCA1,rs10512336
ABCA1,rs2515616
ABCA1,rs2791952
ABCA1,rs2472510
ABCA1,rs7035693
ABCA1,rs2515614
ABCA1,rs2487052
ABCA1,rs1800977
ABCA1,rs2740483
ABCA1,rs2246293
ABCA1,rs2422493
ABCA1,rs2487042
ABCA1,rs2472493
ABCA1,rs2515608
ABCA1,rs2472490
ABCA1,rs3887137
ABCG1,rs2839477
ABCG1,rs221950
ABCG1,rs748319
ABCG1,rs8131660
ABCG1,rs1378577
ABCG1,rs4148086
ABCG1,rs1117640
ABCG1,rs8129752
ABCG1,rs8127716
ABCG1,rs915845
ABCG1,rs4148095
ABCG1,rs4148101
ABCG1,rs225411
ABCG1,rs3827225
ABCG1,rs3787970
ABCG1,rs881395
ABCG1,rs225440
ABCG1,rs915847
ABCG1,rs225444
ABCG1,rs9982196
ABCG1,rs4148117
ABCG1,rs225371
ABCG1,rs6586298
ABCG1,rs225374
ABCG1,rs225376
ABCG1,rs7279750
ABCG1,rs225378
ABCG1,rs183436
ABCG1,rs915842
ABCG1,rs225385
ABCG1,rs225387
ABCG1,rs225393
ABCG1,rs225398
ABCG1,rs691687
ABCG1,rs7280003
ABCG1,rs2234718
ABCG1,rs4148123
ABCG1,rs3787995
ABCG1,rs225406
ABCG1,rs4148125
ABCG1,rs2839482
ABCG1,rs225410
ABCG1,rs492338
ABCG1,rs3788006
ABCG1,rs3788007
ABCG1,rs425215
ABCG1,rs914189
ABCG1,rs2298690
ABCG1,rs2276235
ABCG1,rs3788010
ABCG1,rs1541290
ABCG1,rs2839483
ABCG1,rs2839485
ABCG1,rs7283700
ABCG1,rs15661
ABCG1,rs7276176
ABCG1,rs8128478
ABCG1,rs225435
ABCG4,rs3809046
ABCG4,rs668033
ABCG4,rs626776
ABCG4,rs3802885
ACDC,rs1648707
ACDC,rs822387
ACDC,rs266729
ACDC,rs182052
ACDC,rs822395
ACDC,rs822396
ACDC,rs9877202
ACDC,rs2241766
ACDC,rs1501299
ACDC,rs1063537
ACDC,rs1063539
ACDC,rs1403697
ACDC,rs6444175
ACDC,rs7628649
ACE,rs4459609
ACE,rs9912458
ACE,rs1800764
ACE,rs4291
ACE,rs4295
ACE,rs4303
ACE,rs4305
ACE,rs4309
ACE,rs4311
ACE,rs4316
ACE,rs4318
ACE,rs4343
ACE,rs4976
ACE,rs4362
ACE,rs4364
ACE,rs4461142
ACE,rs4459610
ACE,rs8066276
ACE,rs12451328
ACE,rs4968591
ACE,rs9914151
ACE,rs9898552
ADH1c,rs2066702
ADH1c,rs1229984
ADH1c,rs2866152
ADH1c,rs1229863
ADH1c,rs1614972
ADH1c,rs698
ADH1c,rs904096
ADH1c,rs2241894
ADH1c,rs1662037
AGT,rs3789662
AGT,rs7536290
AGT,rs943580
AGT,rs3789670
AGT,rs3789671
AGT,rs2478545
AGT,rs699
AGT,rs4762
AGT,rs5039
AGT,rs2148582
AGT,rs5051
AGT,rs2071405
AGT,rs2071404
AGT,rs7549009
AGT,rs1326886
AGTR1,rs422858
AGTR1,rs2638363
AGTR1,rs2131127
AGTR1,rs931490
AGTR1,rs4681443
AGTR1,rs718858
AGTR1,rs3772616
AGTR1,rs7427804
AGTR1,rs385338
AGTR1,rs275649
AGTR1,rs3772608
AGTR1,rs6801836
AGTR1,rs2320019
AGTR1,rs275646
AGTR1,rs275645
AGTR1,rs427832
AGTR1,rs2675513
ALDH2,rs737280
ALDH2,rs7974339
ALDH2,rs7978737
ALDH2,rs886205
ALDH2,rs4767944
ALDH2,rs2238151
ALDH2,rs671
ALDH2,rs11066034
ALOX5,rs1864414
ALOX5,rs3780894
ALOX5,rs2228064
ALOX5,rs745986
ALOX5,rs11239505
ALOX5,rs2029253
ALOX5,rs7099684
ALOX5,rs7917687
ALOX5,rs1369214
ALOX5,rs2115819
ALOX5,rs10900213
ALOX5,rs10900215
ALOX5,rs11239524
ALOX5,rs892691
ALOX5,rs3780901
ALOX5,rs3780906
ALOX5,rs3740107
ALOX5,rs1487562
ALOX5,rs7099874
ALOX5,rs1059696
ALOX5,rs2291427
ALOX5,rs2288619
ALOX5AP,rs4238134
ALOX5AP,rs4076128
ALOX5AP,rs3809376
ALOX5AP,rs4769055
ALOX5AP,rs10507391
ALOX5AP,rs4769873
ALOX5AP,rs3885907
ALOX5AP,rs3803277
ALOX5AP,rs4769874
ALOX5AP,rs9579648
ALOX5AP,rs4468448
ALOX5AP,rs9551963
ALOX5AP,rs4769058
ALOX5AP,rs12019512
ALOX5AP,rs9508835
ALOX5AP,rs4445746
ALOX5AP,rs4491352
ALOX5AP,rs4769062
APOA1BP,rs6682716
APOA1BP,rs6700828
APOA1BP,rs4661189
APOA1BP,rs879461
APOA1BP,rs3748574
APOA1BP,rs4661193
APOA1BP,rs12023410
APOA2,rs10797094
APOA2,rs11587213
APOA2,rs11421
APOA2,rs7528588
APOA2,rs3813627
APOA2,rs4073054
APOA2,rs2307424
APOA4_APOC3_APOA1,rs675
APOA4_APOC3_APOA1,rs5108
APOA4_APOC3_APOA1,rs5101
APOA4_APOC3_APOA1,rs5092
APOA4_APOC3_APOA1,rs2542051
APOA4_APOC3_APOA1,rs2854116
APOA4_APOC3_APOA1,rs2070668
APOA4_APOC3_APOA1,rs4520
APOA4_APOC3_APOA1,rs5128
APOA4_APOC3_APOA1,rs5081
APOA4_APOC3_APOA1,rs5077
APOA4_APOC3_APOA1,rs5074
APOA4_APOC3_APOA1,rs12718465
APOA4_APOC3_APOA1,rs5070
APOA4_APOC3_APOA1,rs5069
APOA5,rs618923
APOA5,rs12285095
APOA5,rs2266788
APOA5,rs619054
APOA5,rs2075291
APOA5,rs3135507
APOA5,rs2072560
APOA5,rs2542058
APOA5,rs3135506
APOA5,rs651821
APOA5,rs648450
APOA5,rs662799
APOA5,rs1729410
APOA5,rs11216137
APOA5,rs6589568
APOB,rs4371387
APOB,rs1042034
APOB,rs1801702
APOB,rs1042031
APOB,rs1800479
APOB,rs1801701
APOB,rs2163204
APOB,rs676210
APOB,rs693
APOB,rs533617
APOB,rs673548
APOB,rs3791981
APOB,rs12714192
APOB,rs679899
APOB,rs520354
APOB,rs550619
APOB,rs6752026
APOB,rs1367117
APOB,rs934197
APOB,rs512535
APOB,rs1713223
APOB,rs7575840
APOC4_APOC2,rs1132899
APOC4_APOC2,rs5167
APOC4_APOC2,rs5168
APOC4_APOC2,rs2288911
APOC4_APOC2,rs5122
APOC4_APOC2,rs5126
APOC4_APOC2,rs3760627
APOC4_APOC2,rs2239375
APOE,rs8106922
APOE,rs405509
APOE,rs440446
APOE,rs429358
APOE,rs7412
APOE,rs439401
APOE,rs5114
APOE,rs389261
APOE,rs10424339
APOH,rs758767
APOH,rs8178952
APOH,rs6933
APOH,rs4581
APOH,rs2215415
APOH,rs8178847
APOH,rs3815410
APOH,rs8178835
APOH,rs3760292
APOH,rs7215391
APOH,rs9903986
APOM,rs2242656
APOM,rs10484558
APOM,rs3117582
APOM,rs805264
APOM,rs707921
APOM,rs3130617
APOM,rs7029
APOM,rs805257
CCR5,rs2856758
CD14,rs778583
CD14,rs778584
CD14,rs4914
CD14,rs2569193
CD14,rs5744431
CD14,rs3822356
CD36,rs819437
CD36,rs7789369
CD36,rs10499856
CD36,rs10499857
CD36,rs1524597
CD36,rs1761663
CD36,rs1722505
CD36,rs1984112
CD36,rs4545029
CD36,rs2151916
CD36,rs1572230
CD36,rs10215288
CD36,rs1953298
CD36,rs1334511
CD36,rs1049654
CD36,rs1527463
CD36,rs3211810
CD36,rs3211816
CD36,rs3211828
CD36,rs3211870
CD36,rs1924
CD36,rs17154246
CD36,rs3211938
CD36,rs7755
CD36,rs1049673
CD36,rs13230419
CD36,rs17154304
CD36,rs17266080
CETP,rs3764261
CETP,rs4783961
CETP,rs1800775
CETP,rs820299
CETP,rs1532625
CETP,rs1532624
CETP,rs4784744
CETP,rs5880
CETP,rs5882
CETP,rs1800777
CETP,rs289741
CETP,rs289747
CETP,rs1566439
CRP,rs2808630
CRP,rs3093069
CRP,rs1205
CRP,rs1130864
CRP,rs1800947
CRP,rs1417938
CRP,rs3091244
CRP,rs3093058
CYBA,rs899729
CYBA,rs2254073
CYBA,rs4782390
CYBA,rs4673
CYBA,rs3794624
CYBA,rs9932581
CYBA,rs8854
CYBA,rs3736112
CYBA,rs3736110
CYP1A1,rs4986880
CYP1A1,rs1048943
CYP1A1,rs4646421
CYP1A1,rs3809585
CYP1A1,rs2470893
CYP1A1,rs4886605
CYP1B1,rs163078
CYP1B1,rs2256327
CYP1B1,rs9309020
CYP1B1,rs10916
CYP1B1,rs1800440
CYP1B1,rs1056836
CYP1B1,rs162561
CYP1B1,rs2551188
CYP1B1,rs162556
CYP1B1,rs10175338
CYP3A5,rs6956305
CYP3A5,rs15524
CYP3A5,rs10256106
CYP3A5,rs4646450
CYP3A5,rs3800959
CYP3A5,rs776746
CYP3A5,rs4646446
EDN1,rs9471392
EDN1,rs9369217
EDN1,rs9380973
EDN1,rs3087459
EDN1,rs1630736
EDN1,rs5370
EDN1,rs2859338
EDN1,rs7776339
EDN1,rs7356986
EDN1,rs6906760
EDN1,rs6458188
EDN2,rs13376620
EDN2,rs12069358
EDN2,rs734359
EDN2,rs11572364
EDN2,rs2759257
EDN2,rs3754287
EDN2,rs6671507
EPHX1,rs868966
EPHX1,rs2854450
EPHX1,rs3753658
EPHX1,rs1877724
EPHX1,rs2671272
EPHX1,rs1051740
EPHX1,rs2260863
EPHX1,rs2740170
EPHX1,rs2234922
EPHX1,rs1051741
EPHX1,rs3753663
EPHX1,rs360063
EPHX1,rs1009668
ESR1,rs2881766
ESR1,rs488133
ESR1,rs532010
ESR1,rs6920483
ESR1,rs10484922
ESR1,rs7766762
ESR1,rs3853248
ESR1,rs11155813
ESR1,rs11155814
ESR1,rs827423
ESR1,rs3853251
ESR1,rs2234693
ESR1,rs9340820
ESR1,rs827419
ESR1,rs712221
ESR1,rs1709183
ESR1,rs9340835
ESR1,rs6557170
ESR1,rs1913474
ESR1,rs7761846
ESR1,rs2347867
ESR1,rs4870061
ESR1,rs4870062
ESR1,rs988328
ESR1,rs9397456
ESR1,rs12154178
ESR1,rs1801132
ESR1,rs3020314
ESR1,rs3020317
ESR1,rs1884051
ESR1,rs985694
ESR1,rs1884052
ESR1,rs1884054
ESR1,rs10484862
ESR1,rs7764144
ESR1,rs726281
ESR1,rs932477
ESR1,rs3020407
ESR1,rs7754762
ESR1,rs7757956
ESR1,rs9340949
ESR1,rs722208
ESR1,rs2207230
ESR1,rs2207231
ESR1,rs2207232
ESR1,rs9478265
ESR1,rs926779
ESR1,rs3020364
ESR1,rs3020368
ESR1,rs1884151
ESR1,rs3778082
ESR1,rs3778089
ESR1,rs3798575
ESR1,rs2982896
ESR1,rs3778090
ESR1,rs3020383
ESR1,rs3778099
ESR1,rs3798757
ESR1,rs2813544
ESR1,rs2747649
ESR1,rs1543403
ESR1,rs2813545
ESR1,rs910416
ESR2,rs1152579
ESR2,rs1256063
ESR2,rs1256061
ESR2,rs10144225
ESR2,rs8017441
ESR2,rs1256049
ESR2,rs7154455
ESR2,rs1256030
ESR2,rs6573553
ESR2,rs7159462
ESR2,rs1952586
ESR2,rs1887994
ESR2,rs1271572
ESR2,rs3020450
FABP1,rs1530272
FABP1,rs2970892
FABP1,rs1441644
FABP1,rs2197076
FABP1,rs2241883
FABP1,rs1530273
FABP1,rs2970901
FABP1,rs2860391
FABP1,rs7581571
FABP1,rs4386315
FABP2,rs1397607
FABP2,rs10518301
FABP2,rs1546502
FABP2,rs878372
FABP2,rs1799883
FABP2,rs1397613
FDFT1_CTSB,rs2645444
FDFT1_CTSB,rs10503424
FDFT1_CTSB,rs2686187
FDFT1_CTSB,rs9644754
FDFT1_CTSB,rs1047643
FDFT1_CTSB,rs9650662
FDFT1_CTSB,rs10098874
FDFT1_CTSB,rs2132709
FDFT1_CTSB,rs1616534
FDFT1_CTSB,rs1534863
FDFT1_CTSB,rs7013950
FDFT1_CTSB,rs7015547
FDFT1_CTSB,rs904011
FDFT1_CTSB,rs2645424
FDFT1_CTSB,rs1298295
FDFT1_CTSB,rs11250168
FDFT1_CTSB,rs3258
FDFT1_CTSB,rs2446
FDFT1_CTSB,rs1296028
FDFT1_CTSB,rs1692821
FDFT1_CTSB,rs6731
FDFT1_CTSB,rs1736078
FDFT1_CTSB,rs709822
FDFT1_CTSB,rs17573
FDFT1_CTSB,rs1736090
FDFT1_CTSB,rs1803250
FDFT1_CTSB,rs1293291
FDFT1_CTSB,rs1122182
FDFT1_CTSB,rs6980952
FDFT1_CTSB,rs1293288
FDFT1_CTSB,rs1293309
FDFT1_CTSB,rs1692804
FGB_FGA_FGG,rs12642469
FGB_FGA_FGG,rs7673587
FGB_FGA_FGG,rs1800790
FGB_FGA_FGG,rs4220
FGB_FGA_FGG,rs4463047
FGB_FGA_FGG,rs6825454
FGB_FGA_FGG,rs4308349
FGB_FGA_FGG,rs2070022
FGB_FGA_FGG,rs6050
FGB_FGA_FGG,rs2070016
FGB_FGA_FGG,rs2070023
FGB_FGA_FGG,rs7659613
FGB_FGA_FGG,rs11930511
FGB_FGA_FGG,rs2066861
FGB_FGA_FGG,rs2066860
FGB_FGA_FGG,rs6063
FGB_FGA_FGG,rs2066870
FGB_FGA_FGG,rs1800792
FGB_FGA_FGG,rs7681423
HMGCR_COL4A3BP,rs3931914
HMGCR_COL4A3BP,rs3843481
HMGCR_COL4A3BP,rs3761738
HMGCR_COL4A3BP,rs12916
HMGCR_COL4A3BP,rs4703670
HMGCR_COL4A3BP,rs3733907
HMGCR_COL4A3BP,rs698912
HMGCR_COL4A3BP,rs3761743
HMGCR_COL4A3BP,rs3827608
HMGCR_COL4A3BP,rs6453133
HMGCR_COL4A3BP,rs7722940
HMGCR_COL4A3BP,rs3889900
HMGCR_COL4A3BP,rs4385188
HMGCR_COL4A3BP,rs6872314
HMGCR_COL4A3BP,rs10070207
HMGCR_COL4A3BP,rs4440336
HMGCR_COL4A3BP,rs7718634
HMGCR_COL4A3BP,rs12519897
HMGCR_COL4A3BP,rs6891560
HMGCR_COL4A3BP,rs4549504
HMGCR_COL4A3BP,rs5744545
HMOX1,rs735266
HMOX1,rs5995096
HMOX1,rs2071746
HMOX1,rs6518952
HMOX1,rs2071749
HMOX1,rs5755720
HMOX1,rs743811
HMOX1,rs1078979
HMOX1,rs743813
HMOX1,rs4645741
HMOX1,rs4645742
HMOX1,rs737777
HMOX1,rs713618
HMOX1,rs713873
HTR1A,rs1364043
HTR1A,rs1423691
HTR1A,rs878567
HTR1A,rs7448024
IL-4,rs2243204
IL-4,rs2243300
IL-4,rs762534
IL-4,rs734244
IL-4,rs2243266
IL-4,rs2243289
IL-4,rs2243291
IL-4,rs11242122
IL-6,rs1546762
IL-6,rs1880242
IL-6,rs10499563
IL-6,rs2056576
IL-6,rs3087221
IL-6,rs2069824
IL-6,rs1800795
IL-6,rs2069830
IL-6,rs2069832
IL-6,rs1548216
IL-6,rs2069843
IL-6,rs11766273
INSIG1,rs9690040
INSIG1,rs9767875
INSIG1,rs9768687
INSIG1,rs9769826
INSIG1,rs9770068
INSIG1,rs9769506
INSIG1,rs12381375
INSIG2,rs2422166
INSIG2,rs2161830
INSIG2,rs1352083
INSIG2,rs2161829
INSIG2,rs10490625
INSIG2,rs889904
INSIG2,rs10490624
INSIG2,rs12623648
INSIG2,rs3849327
INSIG2,rs2113485
ITGB3,rs2015049
ITGB3,rs2056131
ITGB3,rs4525555
ITGB3,rs3892084
ITGB3,rs10514919
ITGB3,rs8074094
ITGB3,rs3851806
ITGB3,rs2015729
ITGB3,rs1000232
ITGB3,rs5918
ITGB3,rs5919
ITGB3,rs951351
ITGB3,rs2292864
ITGB3,rs999323
ITGB3,rs3760372
ITGB3,rs3809863
ITGB3,rs3809865
ITGB3,rs6504833
KL,rs211247
KL,rs570919
KL,rs398655
KL,rs2040414
KL,rs495392
KL,rs2283368
KL,rs211239
KL,rs526906
KL,rs564823
KL,rs480780
KL,rs577912
KL,rs7982726
KL,rs685417
KL,rs1888057
KL,rs657049
KL,rs7986435
KL,rs9527025
KL,rs522796
KL,rs648202
KL,rs677332
KL,rs582524
KL,rs537008
LCAT,rs2301246
LCAT,rs1076887
LCAT,rs11075663
LCAT,rs20549
LCAT,rs5923
LCAT,rs4986970
LCAT,rs1109166
LCAT,rs2292318
LDLR,rs7249753
LDLR,rs11672123
LDLR,rs6511720
LDLR,rs8104576
LDLR,rs8102912
LDLR,rs6511721
LDLR,rs2228671
LDLR,rs2304183
LDLR,rs10423288
LDLR,rs11669576
LDLR,rs10402435
LDLR,rs5930
LDLR,rs688
LDLR,rs5925
LDLR,rs5927
LDLR,rs2738459
LDLR,rs2569538
LDLR,rs2304182
LDLR,rs13306506
LDLR,rs1433099
LDLRAP1,rs4075184
LDLRAP1,rs11563
LDLRAP1,rs4659356
LEP,rs791608
LEP,rs10249476
LEP,rs10487506
LEP,rs2278815
LEP,rs12706832
LEP,rs7791621
LEP,rs7795794
LEP,rs3828942
LEP,rs2060715
LEPR,rs10493377
LEPR,rs3806318
LEPR,rs1327118
LEPR,rs9436299
LEPR,rs3790433
LEPR,rs7883
LEPR,rs11804091
LEPR,rs970468
LEPR,rs970467
LEPR,rs9436747
LEPR,rs4655811
LEPR,rs2025804
LEPR,rs2025805
LEPR,rs10158579
LEPR,rs1327121
LEPR,rs1327120
LEPR,rs1327116
LEPR,rs1171276
LEPR,rs1171279
LEPR,rs1022981
LEPR,rs1782763
LEPR,rs1409802
LEPR,rs6673324
LEPR,rs1137100
LEPR,rs3790428
LEPR,rs3790426
LEPR,rs1343981
LEPR,rs10493379
LEPR,rs10493380
LEPR,rs3828039
LEPR,rs2154380
LEPR,rs1137101
LEPR,rs4655537
LEPR,rs2376018
LEPR,rs4567312
LEPR,rs1892535
LEPR,rs1805096
LGALS2,rs2235335
LGALS2,rs5995463
LGALS2,rs2076087
LGALS2,rs2281098
LGALS2,rs2235338
LGALS2,rs2281097
LGALS2,rs4821669
LGALS2,rs7291467
LGALS2,rs5750457
LGALS2,rs140059
LGALS2,rs5995472
LGALS2,rs7290515
LGALS2,rs9622650
LIPC,rs417344
LIPC,rs4774297
LIPC,rs1800588
LIPC,rs8192701
LIPC,rs8034802
LIPC,rs6494006
LIPC,rs261341
LIPC,rs483140
LIPC,rs261336
LIPC,rs3825776
LIPC,rs4775048
LIPC,rs10518976
LIPC,rs936960
LIPC,rs10518978
LIPC,rs7169744
LIPC,rs12148268
LIPC,rs1968685
LIPC,rs4775053
LIPC,rs12441205
LIPC,rs4775058
LIPC,rs1869137
LIPC,rs1869138
LIPC,rs12593880
LIPC,rs4561401
LIPC,rs1869139
LIPC,rs1973028
LIPC,rs1869144
LIPC,rs16940391
LIPC,rs10518982
LIPC,rs2899631
LIPC,rs4774302
LIPC,rs1979178
LIPC,rs2899632
LIPC,rs8028759
LIPC,rs10518983
LIPC,rs9652472
LIPC,rs1968687
LIPC,rs4775072
LIPC,rs4775073
LIPC,rs10518984
LIPC,rs1971544
LIPC,rs6078
LIPC,rs690
LIPC,rs11852861
LIPC,rs6083
LIPC,rs2242064
LIPC,rs1869146
LIPC,rs7178362
LIPC,rs2414597
LIPC,rs3829462
LIPC,rs3829460
LIPC,rs6074
LIPC,rs4774308
LIPE,rs10415999
LIPE,rs2229614
LIPE,rs1903724
LIPE,rs7248439
LIPE,rs10422283
LIPE,rs11671846
LIPG,rs12962061
LIPG,rs3813082
LIPG,rs874565
LIPG,rs2000812
LIPG,rs2000813
LIPG,rs2097055
LIPG,rs8093249
LIPG,rs11875600
LIPG,rs2276269
LIPG,rs12970066
LIPG,rs2276270
LIPG,rs11873722
LIPG,rs6507931
LIPG,rs9952025
LIPG,rs3744843
LIPG,rs3786248
LIPG,rs9962414
LIPG,rs11664186
LIPG,rs4939585
LIPG,rs8099385
LPA,rs3124785
LPA,rs7449650
LPA,rs9457933
LPA,rs6919346
LPA,rs3798220
LPA,rs11751605
LPA,rs1801693
LPA,rs7761293
LPA,rs9364559
LPA,rs6923877
LPA,rs3798221
LPA,rs7765781
LPA,rs6922216
LPA,rs7759633
LPA,rs1569933
LPA,rs1406889
LPA,rs1321196
LPA,rs1321195
LPA,rs9346833
LPA,rs783149
LPA,rs1406888
LPL,rs7009128
LPL,rs1534649
LPL,rs6997330
LPL,rs3779788
LPL,rs1121923
LPL,rs248
LPL,rs255
LPL,rs256
LPL,rs263
LPL,rs264
LPL,rs271
LPL,rs285
LPL,rs295
LPL,rs316
LPL,rs328
LPL,rs10099160
LPL,rs1059611
LPL,rs10100638
LPL,rs10092029
LPL,rs2898493
LPL,rs10096633
LPL,rs1441777
LTA_TNF,rs3131637
LTA_TNF,rs2844482
LTA_TNF,rs2857713
LTA_TNF,rs1041981
LTA_TNF,rs769177
LTA_TNF,rs3093559
MMP13,rs7115014
MMP13,rs11824755
MMP13,rs3819089
MMP13,rs640198
MMP13,rs597315
MMP13,rs3758856
MMP13,rs659383
MMP13,rs687558
MMP3,rs473238
MMP3,rs595840
MMP3,rs683878
MMP3,rs520540
MMP3,rs3025066
MMP3,rs679620
MMP3,rs615098
MTHFR,rs7538516
MTHFR,rs6697244
MTHFR,rs4846048
MTHFR,rs868014
MTHFR,rs2274976
MTHFR,rs1476413
MTHFR,rs1801131
MTHFR,rs1801133
MTHFR,rs7525338
MTHFR,rs1931226
MTHFR,rs3737964
MTHFR,rs12404124
MTP,rs1503777
MTP,rs2866164
MTP,rs3811800
MTP,rs1800591
MTP,rs6532821
MTP,rs2306986
MTP,rs3816873
MTP,rs1057613
MTP,rs3805335
MTP,rs3792683
MTP,rs982424
MTP,rs2306985
MTP,rs745075
MTP,rs1491238
MTP,rs881980
MTP,rs10516446
MTP,rs10516448
MTP,rs958868
MTP,rs10516449
MTP,rs7659550
NAT2,rs7013253
NAT2,rs4271002
NAT2,rs9987109
NAT2,rs1390358
NAT2,rs7832071
NAT2,rs1801279
NAT2,rs1801280
NAT2,rs1799930
NAT2,rs1208
NAT2,rs721398
NAT2,rs1390359
NAT2,rs1495737
NAT2,rs2410561
NAT2,rs1587145
NPC1,rs1788820
NPC1,rs891387
NPC1,rs891386
NPC1,rs1808579
NPC1,rs1805084
NPC1,rs10502439
NPC1,rs1788823
NPC1,rs6507716
NPC1,rs2282558
NPC1,rs1805082
NPC1,rs3745023
NPC1,rs1788799
NPC1,rs2435307
NPC1,rs1652343
NPC1,rs1788762
NPC1,rs1631685
NPC1,rs1805081
NPC1,rs2960578
NPC1,rs1788783
NPC1,rs8097842
NPC1,rs1429934
NPC1,rs2981422
NPC1,rs1620047
NPC1,rs1652357
NPC1,rs1652358
NPC1,rs1617407
NPC1,rs1652359
NPC1L1,rs217440
NPC1L1,rs217437
NPC1L1,rs217434
NPC1L1,rs217429
NPC1L1,rs10272471
NPC1L1,rs217420
NPC1L1,rs2072183
NPC1L1,rs10260606
NPPA_NPPB,rs198408
NPPA_NPPB,rs198414
NPPA_NPPB,rs198358
NPPA_NPPB,rs5065
NPPA_NPPB,rs5063
NPPA_NPPB,rs632793
NPPA_NPPB,rs198375
NPPA_NPPB,rs198388
NPPA_NPPB,rs5230
NPPA_NPPB,rs5229
NPPA_NPPB,rs5227
NPPA_NPPB,rs1009592
NQO1,rs10517
NQO1,rs1800566
NQO1,rs689452
NQO1,rs1437135
NQO1,rs689460
NQO1,rs689459
NQO1,rs2917666
PCK1,rs1543375
PCK1,rs1328757
PCK1,rs707555
PCK1,rs8192708
PCK1,rs1804160
PCK1,rs2179706
PCK1,rs6025631
PCK1,rs2865391
PCK1,rs6128083
PCTP,rs2033113
PCTP,rs2912546
PCTP,rs2114443
PCTP,rs890487
PCTP,rs2960072
PCTP,rs2332513
PCTP,rs4303611
PCTP,rs2960065
PCTP,rs7211024
PECAM1,rs1122800
PECAM1,rs7214769
PECAM1,rs8082170
PECAM1,rs6808
PECAM1,rs1550792
PECAM1,rs2070784
PECAM1,rs4968721
PECAM1,rs9913080
PECAM1,rs4968723
PECAM1,rs8072342
PECAM1,rs7207019
PECAM1,rs7218481
PECAM1,rs8069023
PECAM1,rs4968724
PECAM1,rs2070782
PECAM1,rs6504224
PECAM1,rs7503550
PECAM1,rs668
PECAM1,rs8066263
PECAM1,rs8067268
PECAM1,rs8065316
PLA2G7,rs9472822
PLA2G7,rs974670
PLA2G7,rs10498771
PLA2G7,rs1051931
PLA2G7,rs2216465
PLA2G7,rs1805018
PLA2G7,rs1805017
PLA2G7,rs3799863
PLA2G7,rs1421368
PLA2G7,rs1421378
PLA2G7,rs1421379
PLTP,rs742035
PLTP,rs4608591
PLTP,rs1736493
PLTP,rs11569636
PLTP,rs378114
PLTP,rs394643
PLTP,rs4810479
PLTP,rs3848714
PON1,rs854541
PON1,rs854542
PON1,rs854547
PON1,rs8491
PON1,rs854548
PON1,rs854555
PON1,rs662
PON1,rs2074354
PON1,rs854560
PON1,rs3917498
PON1,rs705378
PON1,rs3917485
PON1,rs757158
PON1,rs13228784
PON2,rs13226149
PON2,rs11977702
PON2,rs6954345
PON2,rs10487133
PON2,rs987539
PON2,rs11545941
PON2,rs2068604
PON2,rs1639
PON2,rs1034809
PON2,rs2286233
PON2,rs2299267
PON2,rs730365
PON2,rs6946850
PON2,rs6978425
PON2,rs43044
PPARA,rs6008923
PPARA,rs135557
PPARA,rs717926
PPARA,rs135556
PPARA,rs4253617
PPARA,rs4253622
PPARA,rs4253623
PPARA,rs135552
PPARA,rs135550
PPARA,rs135549
PPARA,rs135547
PPARA,rs9626730
PPARA,rs4253640
PPARA,rs135538
PPARA,rs4253652
PPARA,rs4253653
PPARA,rs4253655
PPARA,rs4253662
PPARA,rs4253678
PPARA,rs1555208
PPARA,rs4253681
PPARA,rs9627100
PPARA,rs7364220
PPARA,rs4253701
PPARA,rs12330015
PPARA,rs8138102
PPARA,rs11703495
PPARA,rs4253712
PPARA,rs4823613
PPARA,rs4253719
PPARA,rs5766741
PPARA,rs5766743
PPARA,rs4253727
PPARA,rs4253729
PPARA,rs4253747
PPARA,rs1800206
PPARA,rs4253753
PPARA,rs4253754
PPARA,rs4253755
PPARA,rs4253757
PPARA,rs12170204
PPARA,rs6007662
PPARA,rs5767743
PPARA,rs4253760
PPARA,rs4253763
PPARA,rs11090819
PPARA,rs4253776
PPARA,rs4253777
PPARA,rs7286168
PPARA,rs9627287
PPARA,rs7289611
PPARG,rs2920500
PPARG,rs13077495
PPARG,rs2920502
PPARG,rs2972164
PPARG,rs4684846
PPARG,rs10510410
PPARG,rs6805419
PPARG,rs6800910
PPARG,rs12636454
PPARG,rs7646510
PPARG,rs9814788
PPARG,rs880663
PPARG,rs10510418
PPARG,rs2197423
PPARG,rs1801282
PPARG,rs4135304
PPARG,rs1899951
PPARG,rs1064323
PPARG,rs1373640
PPARG,rs4135317
PPARG,rs2972162
PPARG,rs10510419
PPARG,rs2938395
PPARG,rs4135334
PPARG,rs4135268
PPARG,rs1822825
PPARG,rs709149
PPARG,rs4135354
PPARG,rs709157
PPARG,rs1175540
PPARG,rs4135292
PPARG,rs4135360
PPARG,rs3856806
PPARG,rs1152003
PPARG,rs6790976
PPARG,rs4498025
PPARG,rs1152005
PPARGC1B,rs10515632
PPARGC1B,rs11740140
PPARGC1B,rs12659166
PPARGC1B,rs1076064
PPARGC1B,rs1124995
PPARGC1B,rs899178
PPARGC1B,rs11740247
PPARGC1B,rs2012522
PPARGC1B,rs11746690
PPARGC1B,rs17711430
PPARGC1B,rs4705374
PPARGC1B,rs4705375
PPARGC1B,rs10515638
PPARGC1B,rs880769
PPARGC1B,rs6579757
PPARGC1B,rs4705378
PPARGC1B,rs1422429
PPARGC1B,rs10875551
PPARGC1B,rs1030176
PPARGC1B,rs1012543
PPARGC1B,rs2052490
PPARGC1B,rs17461842
PPARGC1B,rs759814
PPARGC1B,rs2161257
PPARGC1B,rs2010994
PPARGC1B,rs251466
PPARGC1B,rs251464
PPARGC1B,rs32589
PPARGC1B,rs741581
PPARGC1B,rs2003604
PPARGC1B,rs10491361
PPARGC1B,rs32579
PPARGC1B,rs7732671
PPARGC1B,rs26127
PPARGC1B,rs26125
PPARGC1B,rs26124
PPARGC1B,rs26120
PPARGC1B,rs888853
PPARGC1B,rs7712296
PPARGC1B,rs3733665
PTGS2,rs10911902
PTGS2,rs4648307
PTGS2,rs4648298
PTGS2,rs2206593
PTGS2,rs5275
PTGS2,rs5273
PTGS2,rs5272
PTGS2,rs5278
PTGS2,rs5277
PTGS2,rs20417
PTGS2,rs10911905
RETN,rs1862513
RETN,rs3219175
RETN,rs3219177
RETN,rs3745367
RETN,rs3745368
RETN,rs3745369
RETN,rs1423096
RETN,rs10401670
SCARB1,rs838873
SCARB1,rs838878
SCARB1,rs3825140
SCARB1,rs701106
SCARB1,rs838891
SCARB1,rs838896
SCARB1,rs838862
SCARB1,rs838861
SCARB1,rs1672879
SCARB1,rs961170
SCARB1,rs961169
SCARB1,rs838911
SCARB1,rs989892
SCARB1,rs865716
SCARB1,rs5892
SCARB1,rs838900
SCARB1,rs4765614
SCARB1,rs5889
SCARB1,rs2278986
SCARB1,rs1902569
SCARB1,rs12231837
SCARB1,rs10846744
SCARB1,rs4765616
SCARB1,rs10846748
SCARB1,rs4765623
SCARB1,rs10773109
SCARB1,rs3924313
SCARB1,rs10773111
SCARB1,rs10773112
SCARB1,rs4765181
SCARB1,rs11615630
SCARB1,rs4379922
SCARB1,rs10846760
SCARB1,rs6488950
SCARB1,rs4765633
SELE,rs12043338
SELE,rs4656698
SELE,rs4786
SELE,rs5355
SELE,rs5368
SELE,rs5366
SELE,rs5364
SELE,rs3917419
SELE,rs5361
SELE,rs5360
SELE,rs3917403
SELE,rs932307
SELE,rs1805193
SELE,rs7515714
SELE,rs10489181
SELE,rs6427213
SERPINE1,rs6950982
SERPINE1,rs6465787
SERPINE1,rs2227631
SERPINE1,rs6092
SERPINE1,rs2227648
SERPINE1,rs7242
SERPINE1,rs2227714
SLC6A4,rs7224199
SLC6A4,rs1042173
SLC6A4,rs2054848
SLC6A4,rs3794808
SLC6A4,rs140701
SLC6A4,rs4583306
SLC6A4,rs140700
SLC6A4,rs2228673
SLC6A4,rs2020942
SLC6A4,rs6355
SLC6A4,rs16965628
SLC6A4,rs2020933
SLC6A4,rs9903062
SREBF1,rs3818717
SREBF1,rs4925114
SREBF1,rs2297508
SREBF1,rs2282180
SREBF1,rs4925115
SREBF1,rs8066560
SREBF1,rs9902941
SREBF1,rs1889018
SREBF1,rs4925118
SREBF1,rs2236513
SREBF1,rs3744115
SREBF2,rs5758487
SREBF2,rs1569451
SREBF2,rs2006638
SREBF2,rs1009544
SREBF2,rs2255957
SREBF2,rs133280
SREBF2,rs9607852
SREBF2,rs2269657
SREBF2,rs11702960
SREBF2,rs133291
SREBF2,rs4822062
SREBF2,rs4822063
SREBF2,rs2229440
SREBF2,rs2269658
SREBF2,rs1052717
SREBF2,rs6002521
SREBF2,rs2267443
SREBF2,rs2269662
SREBF2,rs2229442
THBD,rs3746726
THBD,rs2567608
THBD,rs6076013
THBD,rs2007363
THBD,rs3176123
THBD,rs1042579
THBD,rs13306848
THBD,rs6048519
THBD,rs2424505
THBS1,rs2618164
THBS1,rs10520136
THBS1,rs1478604
THBS1,rs2236741
THBS1,rs2292305
THBS1,rs2292304
THBS1,rs2228262
THBS1,rs2228263
THBS1,rs1051442
THBS1,rs949646
THBS1,rs8032035
THBS2,rs9505932
THBS2,rs7764005
THBS2,rs10945400
THBS2,rs8089
THBS2,rs10945405
THBS2,rs11966235
THBS2,rs6940420
THBS2,rs9283850
THBS2,rs9379341
THBS2,rs9505897
THBS2,rs9765848
THBS2,rs11758161
THBS2,rs6940801
THBS2,rs6605524
THBS2,rs9717830
THBS4,rs2434273
THBS4,rs3813667
THBS4,rs2438650
THBS4,rs404375
THBS4,rs368936
THBS4,rs401302
THBS4,rs1866389
THBS4,rs2241824
THBS4,rs4703797
THBS4,rs256438
THBS4,rs2288394
THBS4,rs10514175
THBS4,rs2247450
THBS4,rs7714280
THBS4,rs2118732
THBS4,rs2438642
VCAM1,rs2050471
VCAM1,rs4520436
VCAM1,rs1041163
VCAM1,rs3170794
VCAM1,rs3176860
VCAM1,rs3917010
VCAM1,rs3917040
VCAM1,rs3783613
VCAM1,rs3181088
VCAM1,rs3176877
VCAM1,rs3176878
VCAM1,rs3783615
VCAM1,rs10493936
VLDLR,rs4741745
VLDLR,rs1869589
VLDLR,rs1454626
VLDLR,rs2242103
VLDLR,rs1545567
VLDLR,rs4741747
VLDLR,rs1454627
VLDLR,rs1551411
VLDLR,rs1869592
VLDLR,rs10812381
VLDLR,rs6149
VLDLR,rs2242104
VLDLR,rs3780181
VLDLR,rs2290465
VLDLR,rs6475888
VLDLR,rs6148
VLDLR,rs7043836
VLDLR,rs3421
VLDLR,rs8210
VLDLR,rs7040916
VLDLR,rs4741753
VLDLR,rs1877480
VLDLR,rs1947447
VLDLR,rs1567712
VLDLR,rs1869593
VLDLR,rs2054073
IL18,rs543810
IL18,rs5744260
IL18,rs360722
IL18,rs795467
IL18,rs2043055
IL18,rs1946518
IL18,rs5744222
IL18,rs360712
NR1H2,rs1274513
NR1H2,rs2248949
NR1H2,rs3219281
NR1H2,rs3219306
NR1H2,rs2546550
